"","language_name"
"1","?++"
"2","123"
"3","abap"
"4","actionscript"
"5","amharic"
"6","apl"
"7","apple/hyperscript"
"8","applescript"
"9","asp"
"10","assembler"
"11","assembly"
"12","assembly (x86)"
"13","assembly language"
"14","assembly language (x86)"
"15","bash"
"16","basic"
"17","basic (vba/qb and variants)"
"18","c"
"19","c sharp"
"20","c/c++"
"21","c#"
"22","c++"
"23","cecil"
"24","ciao"
"25","clojure"
"26","clojurescript"
"27","closure"
"28","cmake"
"29","cobol"
"30","coffeescript"
"31","common lisp"
"32","coq"
"33","csharp"
"34","css"
"35","d"
"36","danmakufu scripting language"
"37","dart"
"38","datalog"
"39","delphi"
"40","delphi/pascal"
"41","drupal"
"42","dutch"
"43","e-prime"
"44","elixi"
"45","elixir"
"46","elm"
"47","emacs-lisp"
"48","en-us"
"49","english"
"50","erlang"
"51","etoys"
"52","excel"
"53","f#"
"54","fortran"
"55","french"
"56","fsharp"
"57","gawk"
"58","german"
"59","glsl"
"60","go"
"61","golang"
"62","grace"
"63","groovy"
"64","haskel"
"65","haskell"
"66","haxe"
"67","hlsl"
"68","html"
"69","html/css"
"70","hypertalk"
"71","idl"
"72","inquisit programming language"
"73","isabelle/hol"
"74","italian"
"75","jaca"
"76","java"
"77","javascript"
"78","javascript/css/html"
"79","js"
"80","jscript.net"
"81","julia"
"82","kotlin"
"83","labview"
"84","latex"
"85","linux command"
"86","lips (scheme, clojure)"
"87","lisp"
"88","logo"
"89","lotusscript"
"90","lsl"
"91","lua"
"92","matlab"
"93","mirc scripting language"
"94","ml"
"95","motorola 68000 assembly language"
"96","mstlsb"
"97","node.js"
"98","o'caml"
"99","object pascal"
"100","objective c"
"101","objective-c"
"102","objectivec"
"103","ocaml"
"104","octave"
"105","pascal"
"106","perl"
"107","pharo"
"108","php"
"109","polish"
"110","pony"
"111","portuguese"
"112","powershell"
"113","praat"
"114","presentation"
"115","prolog"
"116","pt-br"
"117","purescript"
"118","pyhton"
"119","python"
"120","qbasic"
"121","quakec"
"122","r"
"123","racket"
"124","rascal"
"125","rdmlx"
"126","rexx"
"127","rpg"
"128","ruby"
"129","russian"
"130","rust"
"131","s"
"132","sas"
"133","scala"
"134","scheme"
"135","scratch"
"136","sdf"
"137","self"
"138","shell"
"139","shell script"
"140","shell scripting"
"141","smalltalk"
"142","sml"
"143","sml/ocaml"
"144","spanish"
"145","sql"
"146","stratego"
"147","swift"
"148","t-sql"
"149","tcl"
"150","tex"
"151","turbo pascal"
"152","turing"
"153","typescript"
"154","ukrainian"
"155","unrealscript"
"156","vb"
"157","vb.net"
"158","vba"
"159","vbs"
"160","vbscript"
"161","verilog"
"162","visual basic"
"163","visual foxpro"
"164","visualbasic"
"165","whiley"
"166","x86"
"167","xaml"
